Top pages,Clicks,Impressions,CTR,Position
https://rooval-roofing.com/,14,1139,1.23%,10.88
https://estimate.rooval-roofing.com/,1,6,16.67%,2.33
https://rooval-roofing.com/roofing-provo-utah/,0,4331,0%,22.8
https://rooval-roofing.com/roofing-sandy-utah/,0,2912,0%,17.67
https://rooval-roofing.com/roofing-highland-utah/,0,2798,0%,8.99
https://rooval-roofing.com/roofing-orem-utah/,0,2031,0%,19.15
https://rooval-roofing.com/roofing-lehi-utah/,0,1540,0%,22.61
https://rooval-roofing.com/roofing-lindon-utah/,0,486,0%,7.06
https://rooval-roofing.com/roofing-salt-lake-city-utah/,0,448,0%,39.33
https://rooval-roofing.com/roofing-murray-utah/,0,433,0%,10.48
https://rooval-roofing.com/roofing-draper-utah/,0,424,0%,10.84
https://rooval-roofing.com/roofing-springville-utah/,0,342,0%,18.74
https://rooval-roofing.com/roof-repair-utah/,0,325,0%,52.55
https://rooval-roofing.com/roofing-pleasant-grove-utah/,0,304,0%,14.03
https://rooval-roofing.com/roofing-alpine-utah/,0,213,0%,11.15
https://rooval-roofing.com/tpo-flat-roofing-utah/,0,154,0%,35.98
https://rooval-roofing.com/our-services/,0,127,0%,17.15
https://rooval-roofing.com/about-us/,0,118,0%,4.42
https://rooval-roofing.com/roofing-eagle-mountain-utah/,0,112,0%,21.66
https://rooval-roofing.com/contact-us/,0,99,0%,14.8
https://rooval-roofing.com/roofing-bluffdale-utah/,0,73,0%,33.01
https://rooval-roofing.com/roof-tune-up/,0,56,0%,45.27
https://rooval-roofing.com/privacy-policy/,0,54,0%,15.46
https://rooval-roofing.com/metal-roofing-utah/,0,26,0%,57.96
https://rooval-roofing.com/roofing-saratoga-springs-utah/,0,22,0%,16.55
https://rooval-roofing.com/rooval-roofing/,0,14,0%,4.86
https://rooval-roofing.com/roof-quote/,0,13,0%,1.62
https://rooval-roofing.com/roofing-american-fork-utah/,0,10,0%,28.1
https://rooval-roofing.com/blog/,0,8,0%,37.62
https://rooval-roofing.com/roof-replacement-utah/,0,8,0%,39.88
https://rooval-roofing.com/roof-quote/index.html?v=3,0,7,0%,38
https://estimate.rooval-roofing.com/quote,0,5,0%,2
https://rooval-roofing.com/service-areas/,0,1,0%,1
https://rooval-roofing.com/how-long-does-a-roof-last-in-utah/,0,1,0%,5
https://rooval-roofing.com/gutter-services-utah/,0,1,0%,8
https://rooval-roofing.com/metal-roof-vs-asphalt-shingles-utah/,0,1,0%,38