Keyword,Position,Search Volume,URL
lehi roofers,1,70,https://www.ensignroofingutah.com/
roofing lehi,1,70,https://www.ensignroofingutah.com/
roofing lehi ut,6,140,https://www.ensignroofingutah.com/
roof repair lehi,6,50,https://www.ensignroofingutah.com/
lehi roofers,7,70,https://www.ensignroofingutah.com/
lehi roofers,11,70,https://www.ensignroofingutah.com/
roof repair saratoga springs,12,140,https://www.ensignroofingutah.com/saratoga-springs
roofing lehi,13,70,https://www.ensignroofingutah.com/
roofing alpine ut,19,140,https://www.ensignroofingutah.com/alpine
commercial roof replacement utah,23,70,https://www.ensignroofingutah.com/commercial-roofing
roofing pleasant grove ut,23,50,https://www.ensignroofingutah.com/pleasant-grove
roof repair lehi,38,50,https://www.ensignroofingutah.com/emergency-roof-repair
commercial+roof+replacement+ogden+ut,39,40,https://www.ensignroofingutah.com/commercial-roofing
lehi roofers,43,70,https://www.ensignroofingutah.com/roof-repair
commercial+roof+installation+ogden+ut,46,40,https://www.ensignroofingutah.com/commercial-roofing
roofing lehi ut,54,140,https://www.ensignroofingutah.com/roof-replacement
roof repair lehi,54,50,https://www.ensignroofingutah.com/roof-replacement
ensign ranches of utah,55,260,https://www.ensignroofingutah.com/contact-us
lehi roofers,58,70,https://www.ensignroofingutah.com/roof-repair
roofing lehi,58,70,https://www.ensignroofingutah.com/roof-repair
roof repair lehi,62,50,https://www.ensignroofingutah.com/roof-repair
lehi roofers,68,70,https://www.ensignroofingutah.com/metal-roof-services
roofing lehi,72,70,https://www.ensignroofingutah.com/roof-inspection
roofing lehi ut,73,140,https://www.ensignroofingutah.com/emergency-roof-repair
roof repair lehi,73,50,https://www.ensignroofingutah.com/roof-inspection
lehi roofers,78,70,https://www.ensignroofingutah.com/roof-replacement
roofing lehi,80,70,https://www.ensignroofingutah.com/roof-replacement
roofing lehi ut,81,140,https://www.ensignroofingutah.com/roof-repair
roof repair lehi,82,50,https://www.ensignroofingutah.com/commercial-roofing
lehi roofers,82,70,https://www.ensignroofingutah.com/roof-inspection
roofing lehi,87,70,https://www.ensignroofingutah.com/metal-roof-services
roofing lehi ut,89,140,https://www.ensignroofingutah.com/roof-inspection
ensign engineering and land surveying,92,140,https://www.ensignroofingutah.com/contact-us
roof repair lehi,92,50,https://www.ensignroofingutah.com/metal-roof-services
roofing lehi,92,70,https://www.ensignroofingutah.com/metal-roof-services
roofing lehi ut,95,140,https://www.ensignroofingutah.com/metal-roof-services
ensign engineering & land surveying,96,210,https://www.ensignroofingutah.com/contact-us
roofing lehi,97,70,https://www.ensignroofingutah.com/about-us
roofing lehi ut,98,140,https://www.ensignroofingutah.com/commercial-roofing